accession_id,period,accessioned_at,structured_accession_at,source_document_time,finalized_at,tat_working_days,specimen_group,eligible,amended,current_post_included,fair_post_included
SP26-B001,baseline,2026-01-05 07:00,2026-01-05 07:00,,2026-01-06 07:00,1.0,Resection,yes,yes,no,no
SP26-B002,baseline,2026-01-05 08:07,2026-01-05 08:07,,2026-01-06 08:07,1.0,Biopsy,yes,no,no,no
SP26-B003,baseline,2026-01-05 09:14,2026-01-05 09:14,,2026-01-06 09:14,1.0,Biopsy,yes,no,no,no
SP26-B004,baseline,2026-01-05 10:21,2026-01-05 10:21,,2026-01-06 10:21,1.0,Resection,yes,no,no,no
SP26-B005,baseline,2026-01-05 11:28,2026-01-05 11:28,,2026-01-07 06:40,1.8,Biopsy,yes,no,no,no
SP26-B006,baseline,2026-01-05 12:35,2026-01-05 12:35,,2026-01-07 07:47,1.8,Biopsy,yes,no,no,no
SP26-B007,baseline,2026-01-05 13:42,2026-01-05 13:42,,2026-01-07 08:54,1.8,Resection,yes,no,no,no
SP26-B008,baseline,2026-01-06 07:49,2026-01-06 07:49,,2026-01-08 03:01,1.8,Biopsy,yes,no,no,no
SP26-B009,baseline,2026-01-06 08:56,2026-01-06 08:56,,2026-01-08 04:08,1.8,Biopsy,yes,no,no,no
SP26-B010,baseline,2026-01-06 09:03,2026-01-06 09:03,,2026-01-08 21:03,2.5,Resection,yes,no,no,no
SP26-B011,baseline,2026-01-06 10:10,2026-01-06 10:10,,2026-01-08 22:10,2.5,Biopsy,yes,no,no,no
SP26-B012,baseline,2026-01-06 11:17,2026-01-06 11:17,,2026-01-08 23:17,2.5,Biopsy,yes,no,no,no
SP26-B013,baseline,2026-01-06 12:24,2026-01-06 12:24,,2026-01-09 00:24,2.5,Resection,yes,no,no,no
SP26-B014,baseline,2026-01-06 13:31,2026-01-06 13:31,,2026-01-09 01:31,2.5,Biopsy,yes,no,no,no
SP26-B015,baseline,2026-01-07 07:38,2026-01-07 07:38,,2026-01-09 19:38,2.5,Biopsy,yes,no,no,no
SP26-B016,baseline,2026-01-07 08:45,2026-01-07 08:45,,2026-01-09 20:45,2.5,Resection,yes,no,no,no
SP26-B017,baseline,2026-01-07 09:52,2026-01-07 09:52,,2026-01-09 21:52,2.5,Biopsy,yes,no,no,no
SP26-B018,baseline,2026-01-07 10:59,2026-01-07 10:59,,2026-01-09 22:59,2.5,Biopsy,yes,no,no,no
SP26-B019,baseline,2026-01-07 11:06,2026-01-07 11:06,,2026-01-12 23:06,3.5,Resection,yes,no,no,no
SP26-B020,baseline,2026-01-07 12:13,2026-01-07 12:13,,2026-01-13 00:13,3.5,Biopsy,yes,no,no,no
SP26-B021,baseline,2026-01-07 13:20,2026-01-07 13:20,,2026-01-13 01:20,3.5,Biopsy,yes,no,no,no
SP26-B022,baseline,2026-01-08 07:27,2026-01-08 07:27,,2026-01-13 19:27,3.5,Resection,yes,no,no,no
SP26-B023,baseline,2026-01-08 08:34,2026-01-08 08:34,,2026-01-13 20:34,3.5,Biopsy,yes,no,no,no
SP26-B024,baseline,2026-01-08 09:41,2026-01-08 09:41,,2026-01-13 21:41,3.5,Biopsy,yes,no,no,no
SP26-B025,baseline,2026-01-08 10:48,2026-01-08 10:48,,2026-01-13 22:48,3.5,Resection,yes,no,no,no
SP26-B026,baseline,2026-01-08 11:55,2026-01-08 11:55,,2026-01-13 23:55,3.5,Biopsy,yes,no,no,no
SP26-B027,baseline,2026-01-08 12:02,2026-01-08 12:02,,2026-01-14 00:02,3.5,Biopsy,yes,no,no,no
SP26-B028,baseline,2026-01-08 13:09,2026-01-08 13:09,,2026-01-14 01:09,3.5,Resection,yes,no,no,no
SP26-B029,baseline,2026-01-09 07:16,2026-01-09 07:16,,2026-01-16 07:16,5.0,Biopsy,yes,no,no,no
SP26-B030,baseline,2026-01-09 08:23,2026-01-09 08:23,,2026-01-16 08:23,5.0,Biopsy,yes,no,no,no
SP26-B031,baseline,2026-01-09 09:30,2026-01-09 09:30,,2026-01-16 09:30,5.0,Resection,yes,no,no,no
SP26-B032,baseline,2026-01-09 10:37,2026-01-09 10:37,,2026-01-16 10:37,5.0,Biopsy,yes,no,no,no
SP26-B033,baseline,2026-01-09 11:44,2026-01-09 11:44,,2026-01-16 11:44,5.0,Biopsy,yes,no,no,no
SP26-B034,baseline,2026-01-09 12:51,2026-01-09 12:51,,2026-01-22 00:51,8.5,Resection,yes,no,no,no
SP26-B035,baseline,2026-01-09 13:58,2026-01-09 13:58,,2026-01-22 01:58,8.5,Biopsy,yes,no,no,no
SP26-B036,baseline,2026-01-12 07:05,2026-01-12 07:05,,2026-01-13 07:05,1.0,Biopsy,yes,no,no,no
SP26-B037,baseline,2026-01-12 08:12,2026-01-12 08:12,,2026-01-13 08:12,1.0,Resection,yes,no,no,no
SP26-B038,baseline,2026-01-12 09:19,2026-01-12 09:19,,2026-01-13 09:19,1.0,Biopsy,yes,no,no,no
SP26-B039,baseline,2026-01-12 10:26,2026-01-12 10:26,,2026-01-13 10:26,1.0,Biopsy,yes,no,no,no
SP26-B040,baseline,2026-01-12 11:33,2026-01-12 11:33,,2026-01-14 06:45,1.8,Resection,yes,no,no,no
SP26-B041,baseline,2026-01-12 12:40,2026-01-12 12:40,,2026-01-14 07:52,1.8,Biopsy,yes,no,no,no
SP26-B042,baseline,2026-01-12 13:47,2026-01-12 13:47,,2026-01-14 08:59,1.8,Biopsy,yes,yes,no,no
SP26-B043,baseline,2026-01-13 07:54,2026-01-13 07:54,,2026-01-15 03:06,1.8,Resection,yes,no,no,no
SP26-B044,baseline,2026-01-13 08:01,2026-01-13 08:01,,2026-01-15 03:13,1.8,Biopsy,yes,no,no,no
SP26-B045,baseline,2026-01-13 09:08,2026-01-13 09:08,,2026-01-15 21:08,2.5,Biopsy,yes,no,no,no
SP26-B046,baseline,2026-01-13 10:15,2026-01-13 10:15,,2026-01-15 22:15,2.5,Resection,yes,no,no,no
SP26-B047,baseline,2026-01-13 11:22,2026-01-13 11:22,,2026-01-15 23:22,2.5,Biopsy,yes,no,no,no
SP26-B048,baseline,2026-01-13 12:29,2026-01-13 12:29,,2026-01-16 00:29,2.5,Biopsy,yes,no,no,no
SP26-B049,baseline,2026-01-13 13:36,2026-01-13 13:36,,2026-01-16 01:36,2.5,Resection,yes,no,no,no
SP26-B050,baseline,2026-01-14 07:43,2026-01-14 07:43,,2026-01-16 19:43,2.5,Biopsy,yes,no,no,no
SP26-B051,baseline,2026-01-14 08:50,2026-01-14 08:50,,2026-01-16 20:50,2.5,Biopsy,yes,no,no,no
SP26-B052,baseline,2026-01-14 09:57,2026-01-14 09:57,,2026-01-16 21:57,2.5,Resection,yes,no,no,no
SP26-B053,baseline,2026-01-14 10:04,2026-01-14 10:04,,2026-01-16 22:04,2.5,Biopsy,yes,no,no,no
SP26-B054,baseline,2026-01-14 11:11,2026-01-14 11:11,,2026-01-19 23:11,3.5,Biopsy,yes,no,no,no
SP26-B055,baseline,2026-01-14 12:18,2026-01-14 12:18,,2026-01-20 00:18,3.5,Resection,yes,no,no,no
SP26-B056,baseline,2026-01-14 13:25,2026-01-14 13:25,,2026-01-20 01:25,3.5,Biopsy,yes,no,no,no
SP26-B057,baseline,2026-01-15 07:32,2026-01-15 07:32,,2026-01-20 19:32,3.5,Biopsy,yes,no,no,no
SP26-B058,baseline,2026-01-15 08:39,2026-01-15 08:39,,2026-01-20 20:39,3.5,Resection,yes,no,no,no
SP26-B059,baseline,2026-01-15 09:46,2026-01-15 09:46,,2026-01-20 21:46,3.5,Biopsy,yes,no,no,no
SP26-B060,baseline,2026-01-15 10:53,2026-01-15 10:53,,2026-01-20 22:53,3.5,Biopsy,yes,no,no,no
SP26-B061,baseline,2026-01-15 11:00,2026-01-15 11:00,,2026-01-20 23:00,3.5,Resection,yes,no,no,no
SP26-B062,baseline,2026-01-15 12:07,2026-01-15 12:07,,2026-01-21 00:07,3.5,Biopsy,yes,no,no,no
SP26-B063,baseline,2026-01-15 13:14,2026-01-15 13:14,,2026-01-21 01:14,3.5,Biopsy,yes,no,no,no
SP26-B064,baseline,2026-01-16 07:21,2026-01-16 07:21,,2026-01-23 07:21,5.0,Resection,yes,no,no,no
SP26-B065,baseline,2026-01-16 08:28,2026-01-16 08:28,,2026-01-23 08:28,5.0,Biopsy,yes,no,no,no
SP26-B066,baseline,2026-01-16 09:35,2026-01-16 09:35,,2026-01-23 09:35,5.0,Biopsy,yes,no,no,no
SP26-B067,baseline,2026-01-16 10:42,2026-01-16 10:42,,2026-01-23 10:42,5.0,Resection,yes,no,no,no
SP26-B068,baseline,2026-01-16 11:49,2026-01-16 11:49,,2026-01-23 11:49,5.0,Biopsy,yes,no,no,no
SP26-B069,baseline,2026-01-16 12:56,2026-01-16 12:56,,2026-01-29 00:56,8.5,Biopsy,yes,no,no,no
SP26-B070,baseline,2026-01-16 13:03,2026-01-16 13:03,,2026-01-29 01:03,8.5,Resection,yes,no,no,no
SP26-B071,baseline,2026-01-19 07:10,2026-01-19 07:10,,2026-01-20 07:10,1.0,Biopsy,yes,no,no,no
SP26-B072,baseline,2026-01-19 08:17,2026-01-19 08:17,,2026-01-20 08:17,1.0,Biopsy,yes,no,no,no
SP26-B073,baseline,2026-01-19 09:24,2026-01-19 09:24,,2026-01-20 09:24,1.0,Resection,yes,no,no,no
SP26-B074,baseline,2026-01-19 10:31,2026-01-19 10:31,,2026-01-21 05:43,1.8,Biopsy,yes,no,no,no
SP26-B075,baseline,2026-01-19 11:38,2026-01-19 11:38,,2026-01-21 06:50,1.8,Biopsy,yes,no,no,no
SP26-B076,baseline,2026-01-19 12:45,2026-01-19 12:45,,2026-01-21 07:57,1.8,Resection,yes,no,no,no
SP26-B077,baseline,2026-01-19 13:52,2026-01-19 13:52,,2026-01-21 09:04,1.8,Biopsy,yes,no,no,no
SP26-B078,baseline,2026-01-20 07:59,2026-01-20 07:59,,2026-01-22 03:11,1.8,Biopsy,yes,no,no,no
SP26-B079,baseline,2026-01-20 08:06,2026-01-20 08:06,,2026-01-22 20:06,2.5,Resection,yes,no,no,no
SP26-B080,baseline,2026-01-20 09:13,2026-01-20 09:13,,2026-01-22 21:13,2.5,Biopsy,yes,no,no,no
SP26-B081,baseline,2026-01-20 10:20,2026-01-20 10:20,,2026-01-22 22:20,2.5,Biopsy,yes,no,no,no
SP26-B082,baseline,2026-01-20 11:27,2026-01-20 11:27,,2026-01-22 23:27,2.5,Resection,yes,no,no,no
SP26-B083,baseline,2026-01-20 12:34,2026-01-20 12:34,,2026-01-23 00:34,2.5,Biopsy,yes,yes,no,no
SP26-B084,baseline,2026-01-20 13:41,2026-01-20 13:41,,2026-01-23 01:41,2.5,Biopsy,yes,no,no,no
SP26-B085,baseline,2026-01-21 07:48,2026-01-21 07:48,,2026-01-23 19:48,2.5,Resection,yes,no,no,no
SP26-B086,baseline,2026-01-21 08:55,2026-01-21 08:55,,2026-01-23 20:55,2.5,Biopsy,yes,no,no,no
SP26-B087,baseline,2026-01-21 09:02,2026-01-21 09:02,,2026-01-23 21:02,2.5,Biopsy,yes,no,no,no
SP26-B088,baseline,2026-01-21 10:09,2026-01-21 10:09,,2026-01-24 02:57,2.7,Resection,yes,no,no,no
SP26-B089,baseline,2026-01-21 11:16,2026-01-21 11:16,,2026-01-26 23:16,3.5,Biopsy,yes,no,no,no
SP26-B090,baseline,2026-01-21 12:23,2026-01-21 12:23,,2026-01-27 00:23,3.5,Biopsy,yes,no,no,no
SP26-B091,baseline,2026-01-21 13:30,2026-01-21 13:30,,2026-01-27 01:30,3.5,Resection,yes,no,no,no
SP26-B092,baseline,2026-01-22 07:37,2026-01-22 07:37,,2026-01-27 19:37,3.5,Biopsy,yes,no,no,no
SP26-B093,baseline,2026-01-22 08:44,2026-01-22 08:44,,2026-01-27 20:44,3.5,Biopsy,yes,no,no,no
SP26-B094,baseline,2026-01-22 09:51,2026-01-22 09:51,,2026-01-27 21:51,3.5,Resection,yes,no,no,no
SP26-B095,baseline,2026-01-22 10:58,2026-01-22 10:58,,2026-01-27 22:58,3.5,Biopsy,yes,no,no,no
SP26-B096,baseline,2026-01-22 11:05,2026-01-22 11:05,,2026-01-27 23:05,3.5,Biopsy,yes,no,no,no
SP26-B097,baseline,2026-01-22 12:12,2026-01-22 12:12,,2026-01-28 00:12,3.5,Resection,yes,no,no,no
SP26-B098,baseline,2026-01-22 13:19,2026-01-22 13:19,,2026-01-28 01:19,3.5,Biopsy,yes,no,no,no
SP26-B099,baseline,2026-01-23 07:26,2026-01-23 07:26,,2026-01-30 07:26,5.0,Biopsy,yes,no,no,no
SP26-B100,baseline,2026-01-23 08:33,2026-01-23 08:33,,2026-01-30 08:33,5.0,Resection,yes,no,no,no
SP26-B101,baseline,2026-01-23 09:40,2026-01-23 09:40,,2026-01-30 09:40,5.0,Biopsy,yes,no,no,no
SP26-B102,baseline,2026-01-23 10:47,2026-01-23 10:47,,2026-01-30 10:47,5.0,Biopsy,yes,no,no,no
SP26-B103,baseline,2026-01-23 11:54,2026-01-23 11:54,,2026-01-30 11:54,5.0,Resection,yes,no,no,no
SP26-B104,baseline,2026-01-23 12:01,2026-01-23 12:01,,2026-02-05 00:01,8.5,Biopsy,yes,no,no,no
SP26-B105,baseline,2026-01-23 13:08,2026-01-23 13:08,,2026-02-05 01:08,8.5,Biopsy,yes,no,no,no
SP26-B106,baseline,2026-01-26 07:15,2026-01-26 07:15,,2026-01-27 07:15,1.0,Resection,yes,no,no,no
SP26-B107,baseline,2026-01-26 08:22,2026-01-26 08:22,,2026-01-27 08:22,1.0,Biopsy,yes,no,no,no
SP26-B108,baseline,2026-01-26 09:29,2026-01-26 09:29,,2026-01-27 09:29,1.0,Biopsy,yes,no,no,no
SP26-B109,baseline,2026-01-26 10:36,2026-01-26 10:36,,2026-01-28 05:48,1.8,Resection,yes,no,no,no
SP26-B110,baseline,2026-01-26 11:43,2026-01-26 11:43,,2026-01-28 06:55,1.8,Biopsy,yes,no,no,no
SP26-B111,baseline,2026-01-26 12:50,2026-01-26 12:50,,2026-01-28 08:02,1.8,Biopsy,yes,no,no,no
SP26-B112,baseline,2026-01-26 13:57,2026-01-26 13:57,,2026-01-28 09:09,1.8,Resection,yes,no,no,no
SP26-B113,baseline,2026-01-27 07:04,2026-01-27 07:04,,2026-01-29 02:16,1.8,Biopsy,yes,no,no,no
SP26-B114,baseline,2026-01-27 08:11,2026-01-27 08:11,,2026-01-29 20:11,2.5,Biopsy,yes,no,no,no
SP26-B115,baseline,2026-01-27 09:18,2026-01-27 09:18,,2026-01-29 21:18,2.5,Resection,yes,no,no,no
SP26-B116,baseline,2026-01-27 10:25,2026-01-27 10:25,,2026-01-29 22:25,2.5,Biopsy,yes,no,no,no
SP26-B117,baseline,2026-01-27 11:32,2026-01-27 11:32,,2026-01-29 23:32,2.5,Biopsy,yes,no,no,no
SP26-B118,baseline,2026-01-27 12:39,2026-01-27 12:39,,2026-01-30 00:39,2.5,Resection,yes,no,no,no
SP26-B119,baseline,2026-01-27 13:46,2026-01-27 13:46,,2026-01-30 01:46,2.5,Biopsy,yes,no,no,no
SP26-B120,baseline,2026-01-28 07:53,2026-01-28 07:53,,2026-01-30 19:53,2.5,Biopsy,yes,no,no,no
SP26-B121,baseline,2026-01-28 08:00,2026-01-28 08:00,,2026-01-30 20:00,2.5,Resection,yes,no,no,no
SP26-B122,baseline,2026-01-28 09:07,2026-01-28 09:07,,2026-01-30 21:07,2.5,Biopsy,yes,no,no,no
SP26-B123,baseline,2026-01-28 10:14,2026-01-28 10:14,,2026-01-31 03:02,2.7,Biopsy,yes,no,no,no
SP26-B124,baseline,2026-01-28 11:21,2026-01-28 11:21,,2026-02-02 23:21,3.5,Resection,yes,yes,no,no
SP26-B125,baseline,2026-01-28 12:28,2026-01-28 12:28,,2026-02-03 00:28,3.5,Biopsy,yes,no,no,no
SP26-B126,baseline,2026-01-28 13:35,2026-01-28 13:35,,2026-02-03 01:35,3.5,Biopsy,yes,no,no,no
SP26-B127,baseline,2026-01-29 07:42,2026-01-29 07:42,,2026-02-03 19:42,3.5,Resection,yes,no,no,no
SP26-B128,baseline,2026-01-29 08:49,2026-01-29 08:49,,2026-02-03 20:49,3.5,Biopsy,yes,no,no,no
SP26-B129,baseline,2026-01-29 09:56,2026-01-29 09:56,,2026-02-03 21:56,3.5,Biopsy,yes,no,no,no
SP26-B130,baseline,2026-01-29 10:03,2026-01-29 10:03,,2026-02-03 22:03,3.5,Resection,yes,no,no,no
SP26-B131,baseline,2026-01-29 11:10,2026-01-29 11:10,,2026-02-03 23:10,3.5,Biopsy,yes,no,no,no
SP26-B132,baseline,2026-01-29 12:17,2026-01-29 12:17,,2026-02-04 00:17,3.5,Biopsy,yes,no,no,no
SP26-B133,baseline,2026-01-29 13:24,2026-01-29 13:24,,2026-02-04 01:24,3.5,Resection,yes,no,no,no
SP26-B134,baseline,2026-01-30 07:31,2026-01-30 07:31,,2026-02-06 07:31,5.0,Biopsy,yes,no,no,no
SP26-B135,baseline,2026-01-30 08:38,2026-01-30 08:38,,2026-02-06 08:38,5.0,Biopsy,yes,no,no,no
SP26-B136,baseline,2026-01-30 09:45,2026-01-30 09:45,,2026-02-06 09:45,5.0,Resection,yes,no,no,no
SP26-B137,baseline,2026-01-30 10:52,2026-01-30 10:52,,2026-02-06 10:52,5.0,Biopsy,yes,no,no,no
SP26-B138,baseline,2026-01-30 11:59,2026-01-30 11:59,,2026-02-06 11:59,5.0,Biopsy,yes,no,no,no
SP26-B139,baseline,2026-01-30 12:06,2026-01-30 12:06,,2026-02-12 00:06,8.5,Resection,yes,no,no,no
SP26-B140,baseline,2026-01-30 13:13,2026-01-30 13:13,,2026-02-12 01:13,8.5,Biopsy,yes,no,no,no
SP26-B141,baseline,2026-02-02 07:20,2026-02-02 07:20,,2026-02-03 07:20,1.0,Biopsy,yes,no,no,no
SP26-B142,baseline,2026-02-02 08:27,2026-02-02 08:27,,2026-02-03 08:27,1.0,Resection,yes,no,no,no
SP26-B143,baseline,2026-02-02 09:34,2026-02-02 09:34,,2026-02-03 09:34,1.0,Biopsy,yes,no,no,no
SP26-B144,baseline,2026-02-02 10:41,2026-02-02 10:41,,2026-02-04 05:53,1.8,Biopsy,yes,no,no,no
SP26-B145,baseline,2026-02-02 11:48,2026-02-02 11:48,,2026-02-04 07:00,1.8,Resection,yes,no,no,no
SP26-B146,baseline,2026-02-02 12:55,2026-02-02 12:55,,2026-02-04 08:07,1.8,Biopsy,yes,no,no,no
SP26-B147,baseline,2026-02-02 13:02,2026-02-02 13:02,,2026-02-04 08:14,1.8,Biopsy,yes,no,no,no
SP26-B148,baseline,2026-02-03 07:09,2026-02-03 07:09,,2026-02-05 02:21,1.8,Resection,yes,no,no,no
SP26-B149,baseline,2026-02-03 08:16,2026-02-03 08:16,,2026-02-05 20:16,2.5,Biopsy,yes,no,no,no
SP26-B150,baseline,2026-02-03 09:23,2026-02-03 09:23,,2026-02-05 21:23,2.5,Biopsy,yes,no,no,no
SP26-B151,baseline,2026-02-03 10:30,2026-02-03 10:30,,2026-02-05 22:30,2.5,Resection,yes,no,no,no
SP26-B152,baseline,2026-02-03 11:37,2026-02-03 11:37,,2026-02-05 23:37,2.5,Biopsy,yes,no,no,no
SP26-B153,baseline,2026-02-03 12:44,2026-02-03 12:44,,2026-02-06 00:44,2.5,Biopsy,yes,no,no,no
SP26-B154,baseline,2026-02-03 13:51,2026-02-03 13:51,,2026-02-06 01:51,2.5,Resection,yes,no,no,no
SP26-B155,baseline,2026-02-04 07:58,2026-02-04 07:58,,2026-02-06 19:58,2.5,Biopsy,yes,no,no,no
SP26-B156,baseline,2026-02-04 08:05,2026-02-04 08:05,,2026-02-06 20:05,2.5,Biopsy,yes,no,no,no
SP26-B157,baseline,2026-02-04 09:12,2026-02-04 09:12,,2026-02-06 21:12,2.5,Resection,yes,no,no,no
SP26-B158,baseline,2026-02-04 10:19,2026-02-04 10:19,,2026-02-09 22:19,3.5,Biopsy,yes,no,no,no
SP26-B159,baseline,2026-02-04 11:26,2026-02-04 11:26,,2026-02-09 23:26,3.5,Biopsy,yes,no,no,no
SP26-B160,baseline,2026-02-04 12:33,2026-02-04 12:33,,2026-02-10 00:33,3.5,Resection,yes,no,no,no
SP26-B161,baseline,2026-02-04 13:40,2026-02-04 13:40,,2026-02-10 01:40,3.5,Biopsy,yes,no,no,no
SP26-B162,baseline,2026-02-05 07:47,2026-02-05 07:47,,2026-02-10 19:47,3.5,Biopsy,yes,no,no,no
SP26-B163,baseline,2026-02-05 08:54,2026-02-05 08:54,,2026-02-10 20:54,3.5,Resection,yes,no,no,no
SP26-B164,baseline,2026-02-05 09:01,2026-02-05 09:01,,2026-02-10 21:01,3.5,Biopsy,yes,no,no,no
SP26-B165,baseline,2026-02-05 10:08,2026-02-05 10:08,,2026-02-10 22:08,3.5,Biopsy,yes,yes,no,no
SP26-B166,baseline,2026-02-05 11:15,2026-02-05 11:15,,2026-02-10 23:15,3.5,Resection,yes,no,no,no
SP26-B167,baseline,2026-02-05 12:22,2026-02-05 12:22,,2026-02-11 00:22,3.5,Biopsy,yes,no,no,no
SP26-B168,baseline,2026-02-05 13:29,2026-02-05 13:29,,2026-02-12 13:29,5.0,Biopsy,yes,no,no,no
SP26-B169,baseline,2026-02-06 07:36,2026-02-06 07:36,,2026-02-13 07:36,5.0,Resection,yes,no,no,no
SP26-B170,baseline,2026-02-06 08:43,2026-02-06 08:43,,2026-02-13 08:43,5.0,Biopsy,yes,no,no,no
SP26-B171,baseline,2026-02-06 09:50,2026-02-06 09:50,,2026-02-13 09:50,5.0,Biopsy,yes,no,no,no
SP26-B172,baseline,2026-02-06 10:57,2026-02-06 10:57,,2026-02-13 10:57,5.0,Resection,yes,no,no,no
SP26-B173,baseline,2026-02-06 11:04,2026-02-06 11:04,,2026-02-18 13:28,8.1,Biopsy,yes,no,no,no
SP26-B174,baseline,2026-02-06 12:11,2026-02-06 12:11,,2026-02-19 00:11,8.5,Biopsy,yes,no,no,no
SP26-B175,baseline,2026-02-06 13:18,2026-02-06 13:18,,2026-02-19 01:18,8.5,Resection,yes,no,no,no
SP26-B176,baseline,2026-02-09 07:25,2026-02-09 07:25,,2026-02-10 07:25,1.0,Biopsy,yes,no,no,no
SP26-B177,baseline,2026-02-09 08:32,2026-02-09 08:32,,2026-02-10 08:32,1.0,Biopsy,yes,no,no,no
SP26-B178,baseline,2026-02-09 09:39,2026-02-09 09:39,,2026-02-10 09:39,1.0,Resection,yes,no,no,no
SP26-B179,baseline,2026-02-09 10:46,2026-02-09 10:46,,2026-02-11 05:58,1.8,Biopsy,yes,no,no,no
SP26-B180,baseline,2026-02-09 11:53,2026-02-09 11:53,,2026-02-11 07:05,1.8,Biopsy,yes,no,no,no
SP26-B181,baseline,2026-02-09 12:00,2026-02-09 12:00,,2026-02-11 07:12,1.8,Resection,yes,no,no,no
SP26-B182,baseline,2026-02-09 13:07,2026-02-09 13:07,,2026-02-11 08:19,1.8,Biopsy,yes,no,no,no
SP26-B183,baseline,2026-02-10 07:14,2026-02-10 07:14,,2026-02-12 02:26,1.8,Biopsy,yes,no,no,no
SP26-B184,baseline,2026-02-10 08:21,2026-02-10 08:21,,2026-02-12 20:21,2.5,Resection,yes,no,no,no
SP26-B185,baseline,2026-02-10 09:28,2026-02-10 09:28,,2026-02-12 21:28,2.5,Biopsy,yes,no,no,no
SP26-B186,baseline,2026-02-10 10:35,2026-02-10 10:35,,2026-02-12 22:35,2.5,Biopsy,yes,no,no,no
SP26-B187,baseline,2026-02-10 11:42,2026-02-10 11:42,,2026-02-12 23:42,2.5,Resection,yes,no,no,no
SP26-B188,baseline,2026-02-10 12:49,2026-02-10 12:49,,2026-02-13 00:49,2.5,Biopsy,yes,no,no,no
SP26-B189,baseline,2026-02-10 13:56,2026-02-10 13:56,,2026-02-13 01:56,2.5,Biopsy,yes,no,no,no
SP26-B190,baseline,2026-02-11 07:03,2026-02-11 07:03,,2026-02-13 19:03,2.5,Resection,yes,no,no,no
SP26-B191,baseline,2026-02-11 08:10,2026-02-11 08:10,,2026-02-13 20:10,2.5,Biopsy,yes,no,no,no
SP26-B192,baseline,2026-02-11 09:17,2026-02-11 09:17,,2026-02-13 21:17,2.5,Biopsy,yes,no,no,no
SP26-B193,baseline,2026-02-11 10:24,2026-02-11 10:24,,2026-02-16 22:24,3.5,Resection,yes,no,no,no
SP26-B194,baseline,2026-02-11 11:31,2026-02-11 11:31,,2026-02-16 23:31,3.5,Biopsy,yes,no,no,no
SP26-B195,baseline,2026-02-11 12:38,2026-02-11 12:38,,2026-02-17 00:38,3.5,Biopsy,yes,no,no,no
SP26-B196,baseline,2026-02-11 13:45,2026-02-11 13:45,,2026-02-17 01:45,3.5,Resection,yes,no,no,no
SP26-B197,baseline,2026-02-12 07:52,2026-02-12 07:52,,2026-02-17 19:52,3.5,Biopsy,yes,no,no,no
SP26-B198,baseline,2026-02-12 08:59,2026-02-12 08:59,,2026-02-17 20:59,3.5,Biopsy,yes,no,no,no
SP26-B199,baseline,2026-02-12 09:06,2026-02-12 09:06,,2026-02-17 21:06,3.5,Resection,yes,no,no,no
SP26-B200,baseline,2026-02-12 10:13,2026-02-12 10:13,,2026-02-17 22:13,3.5,Biopsy,yes,no,no,no
SP26-B201,baseline,2026-02-12 11:20,2026-02-12 11:20,,2026-02-17 23:20,3.5,Biopsy,yes,no,no,no
SP26-B202,baseline,2026-02-12 12:27,2026-02-12 12:27,,2026-02-18 00:27,3.5,Resection,yes,no,no,no
SP26-B203,baseline,2026-02-12 13:34,2026-02-12 13:34,,2026-02-19 13:34,5.0,Biopsy,yes,no,no,no
SP26-B204,baseline,2026-02-13 07:41,2026-02-13 07:41,,2026-02-20 07:41,5.0,Biopsy,yes,no,no,no
SP26-B205,baseline,2026-02-13 08:48,2026-02-13 08:48,,2026-02-20 08:48,5.0,Resection,yes,no,no,no
SP26-B206,baseline,2026-02-13 09:55,2026-02-13 09:55,,2026-02-20 09:55,5.0,Biopsy,yes,yes,no,no
SP26-B207,baseline,2026-02-13 10:02,2026-02-13 10:02,,2026-02-20 10:02,5.0,Biopsy,yes,no,no,no
SP26-B208,baseline,2026-02-13 11:09,2026-02-13 11:09,,2026-02-25 23:09,8.5,Resection,yes,no,no,no
SP26-B209,baseline,2026-02-13 12:16,2026-02-13 12:16,,2026-02-26 00:16,8.5,Biopsy,yes,no,no,no
SP26-B210,baseline,2026-02-13 13:23,2026-02-13 13:23,,2026-02-26 01:23,8.5,Biopsy,yes,no,no,no
SP26-C001,cutover,2026-02-16 07:00,2026-02-16 07:00,,2026-02-17 19:00,1.5,Resection,yes,yes,yes,no
SP26-C002,cutover,2026-02-16 08:07,2026-02-16 08:07,,2026-02-17 03:19,0.8,Biopsy,yes,no,yes,no
SP26-C003,cutover,2026-02-16 09:14,2026-02-16 09:14,,2026-02-17 09:14,1.0,Biopsy,yes,no,yes,no
SP26-C004,cutover,2026-02-16 10:21,2026-02-16 10:21,,2026-02-18 05:33,1.8,Resection,yes,no,yes,no
SP26-C005,cutover,2026-02-16 11:28,2026-02-16 11:28,,2026-02-17 11:28,1.0,Biopsy,yes,no,yes,no
SP26-C006,cutover,2026-02-16 12:35,2026-02-16 12:35,,2026-02-17 17:23,1.2,Biopsy,yes,no,yes,no
SP26-C007,cutover,2026-02-16 13:42,2026-02-16 13:42,,2026-02-18 13:42,2.0,Resection,yes,no,yes,no
SP26-C008,cutover,2026-02-17 07:49,2026-02-17 07:49,,2026-02-18 03:01,0.8,Biopsy,yes,no,yes,no
SP26-C009,cutover,2026-02-17 08:56,,2026-02-17 08:56,2026-02-26 20:56,7.5,Biopsy,yes,no,yes,no
SP26-C010,cutover,2026-02-17 09:03,,2026-02-17 09:03,2026-02-27 09:03,8.0,Resection,yes,no,yes,no
SP26-C011,cutover,2026-02-17 10:10,,2026-02-17 10:10,2026-02-27 22:10,8.5,Biopsy,yes,no,yes,no
SP26-C012,cutover,2026-02-17 11:17,,2026-02-17 11:17,2026-03-02 11:17,9.0,Biopsy,yes,no,yes,no
SP26-C013,cutover,2026-02-17 12:24,,2026-02-17 12:24,2026-03-03 00:24,9.5,Resection,yes,no,yes,no
SP26-C014,cutover,2026-02-17 13:31,,2026-02-17 13:31,2026-03-03 13:31,10.0,Biopsy,yes,no,yes,no
SP26-C015,cutover,2026-02-18 07:38,,2026-02-18 07:38,2026-03-04 19:38,10.5,Biopsy,yes,no,yes,no
SP26-C016,cutover,2026-02-18 08:45,,2026-02-18 08:45,2026-03-05 08:45,11.0,Resection,yes,no,yes,no
SP26-C017,cutover,2026-02-18 09:52,,2026-02-18 09:52,2026-03-05 21:52,11.5,Biopsy,yes,no,yes,no
SP26-C018,cutover,2026-02-18 10:59,,2026-02-18 10:59,2026-03-06 10:59,12.0,Biopsy,yes,no,yes,no
SP26-C019,cutover,2026-02-18 11:06,,2026-02-18 11:06,2026-03-06 23:06,12.5,Resection,yes,no,yes,no
SP26-C020,cutover,2026-02-18 12:13,,2026-02-18 12:13,2026-03-09 12:13,13.0,Biopsy,yes,no,yes,no
SP26-C021,cutover,2026-02-18 13:20,,2026-02-18 13:20,2026-03-10 01:20,13.5,Biopsy,yes,no,yes,no
SP26-C022,cutover,2026-02-19 07:27,,2026-02-19 07:27,2026-03-02 19:27,7.5,Resection,yes,no,yes,no
SP26-C023,cutover,2026-02-19 08:34,,2026-02-19 08:34,2026-03-03 08:34,8.0,Biopsy,yes,no,yes,no
SP26-C024,cutover,2026-02-19 09:41,,2026-02-19 09:41,2026-03-03 21:41,8.5,Biopsy,yes,no,yes,no
SP26-C025,cutover,2026-02-19 10:48,,2026-02-19 10:48,2026-03-04 10:48,9.0,Resection,yes,no,yes,no
SP26-C026,cutover,2026-02-19 11:55,,2026-02-19 11:55,2026-03-04 23:55,9.5,Biopsy,yes,no,yes,no
SP26-C027,cutover,2026-02-19 12:02,,2026-02-19 12:02,2026-03-05 12:02,10.0,Biopsy,yes,no,yes,no
SP26-C028,cutover,2026-02-19 13:09,,2026-02-19 13:09,2026-03-06 01:09,10.5,Resection,yes,no,yes,no
SP26-C029,cutover,2026-02-20 07:16,,2026-02-20 07:16,2026-03-09 07:16,11.0,Biopsy,yes,no,yes,no
SP26-C030,cutover,2026-02-20 08:23,,2026-02-20 08:23,2026-03-09 20:23,11.5,Biopsy,yes,no,yes,no
SP26-C031,cutover,2026-02-20 09:30,,2026-02-20 09:30,2026-03-10 09:30,12.0,Resection,yes,no,yes,no
SP26-C032,cutover,2026-02-20 10:37,,2026-02-20 10:37,2026-03-10 22:37,12.5,Biopsy,yes,no,yes,no
SP26-C033,cutover,2026-02-20 11:44,,2026-02-20 11:44,2026-03-11 11:44,13.0,Biopsy,yes,no,yes,no
SP26-C034,cutover,2026-02-20 12:51,,2026-02-20 12:51,2026-03-12 00:51,13.5,Resection,yes,no,yes,no
SP26-C035,cutover,2026-02-20 13:58,,2026-02-20 13:58,2026-03-07 01:58,10.5,Biopsy,yes,no,yes,no
SP26-P001,stabilized,2026-02-23 07:00,2026-02-23 07:00,,2026-02-24 07:00,1.0,Resection,yes,yes,yes,yes
SP26-P002,stabilized,2026-02-23 08:07,2026-02-23 08:07,,2026-02-24 08:07,1.0,Biopsy,yes,no,yes,yes
SP26-P003,stabilized,2026-02-23 09:14,2026-02-23 09:14,,2026-02-24 09:14,1.0,Biopsy,yes,no,yes,yes
SP26-P004,stabilized,2026-02-23 10:21,2026-02-23 10:21,,2026-02-24 10:21,1.0,Resection,yes,no,yes,yes
SP26-P005,stabilized,2026-02-23 11:28,2026-02-23 11:28,,2026-02-24 11:28,1.0,Biopsy,yes,no,yes,yes
SP26-P006,stabilized,2026-02-23 12:35,2026-02-23 12:35,,2026-02-25 07:47,1.8,Biopsy,yes,no,yes,yes
SP26-P007,stabilized,2026-02-23 13:42,2026-02-23 13:42,,2026-02-25 08:54,1.8,Resection,yes,no,yes,yes
SP26-P008,stabilized,2026-02-24 07:49,2026-02-24 07:49,,2026-02-26 03:01,1.8,Biopsy,yes,no,yes,yes
SP26-P009,stabilized,2026-02-24 08:56,2026-02-24 08:56,,2026-02-26 04:08,1.8,Biopsy,yes,no,yes,yes
SP26-P010,stabilized,2026-02-24 09:03,2026-02-24 09:03,,2026-02-26 04:15,1.8,Resection,yes,no,yes,yes
SP26-P011,stabilized,2026-02-24 10:10,2026-02-24 10:10,,2026-02-26 05:22,1.8,Biopsy,yes,no,yes,yes
SP26-P012,stabilized,2026-02-24 11:17,2026-02-24 11:17,,2026-02-26 06:29,1.8,Biopsy,yes,no,yes,yes
SP26-P013,stabilized,2026-02-24 12:24,2026-02-24 12:24,,2026-02-26 19:36,2.3,Resection,yes,no,yes,yes
SP26-P014,stabilized,2026-02-24 13:31,2026-02-24 13:31,,2026-02-26 20:43,2.3,Biopsy,yes,no,yes,yes
SP26-P015,stabilized,2026-02-25 07:38,2026-02-25 07:38,,2026-02-27 14:50,2.3,Biopsy,yes,no,yes,yes
SP26-P016,stabilized,2026-02-25 08:45,2026-02-25 08:45,,2026-02-27 15:57,2.3,Resection,yes,no,yes,yes
SP26-P017,stabilized,2026-02-25 09:52,2026-02-25 09:52,,2026-02-27 17:04,2.3,Biopsy,yes,no,yes,yes
SP26-P018,stabilized,2026-02-25 10:59,2026-02-25 10:59,,2026-02-27 22:59,2.5,Biopsy,yes,no,yes,yes
SP26-P019,stabilized,2026-02-25 11:06,2026-02-25 11:06,,2026-02-27 23:06,2.5,Resection,yes,no,yes,yes
SP26-P020,stabilized,2026-02-25 12:13,2026-02-25 12:13,,2026-02-28 00:13,2.5,Biopsy,yes,no,yes,yes
SP26-P021,stabilized,2026-02-25 13:20,2026-02-25 13:20,,2026-02-28 01:20,2.5,Biopsy,yes,no,yes,yes
SP26-P022,stabilized,2026-02-26 07:27,2026-02-26 07:27,,2026-03-02 19:27,2.5,Resection,yes,no,yes,yes
SP26-P023,stabilized,2026-02-26 08:34,2026-02-26 08:34,,2026-03-03 13:22,3.2,Biopsy,yes,no,yes,yes
SP26-P024,stabilized,2026-02-26 09:41,2026-02-26 09:41,,2026-03-03 14:29,3.2,Biopsy,yes,no,yes,yes
SP26-P025,stabilized,2026-02-26 10:48,2026-02-26 10:48,,2026-03-03 15:36,3.2,Resection,yes,no,yes,yes
SP26-P026,stabilized,2026-02-26 11:55,2026-02-26 11:55,,2026-03-03 16:43,3.2,Biopsy,yes,no,yes,yes
SP26-P027,stabilized,2026-02-26 12:02,2026-02-26 12:02,,2026-03-03 16:50,3.2,Biopsy,yes,no,yes,yes
SP26-P028,stabilized,2026-02-26 13:09,2026-02-26 13:09,,2026-03-03 17:57,3.2,Resection,yes,no,yes,yes
SP26-P029,stabilized,2026-02-27 07:16,2026-02-27 07:16,,2026-03-06 02:28,4.8,Biopsy,yes,no,yes,yes
SP26-P030,stabilized,2026-02-27 08:23,2026-02-27 08:23,,2026-03-06 03:35,4.8,Biopsy,yes,no,yes,yes
SP26-P031,stabilized,2026-02-27 09:30,2026-02-27 09:30,,2026-03-06 04:42,4.8,Resection,yes,no,yes,yes
SP26-P032,stabilized,2026-02-27 10:37,2026-02-27 10:37,,2026-03-06 05:49,4.8,Biopsy,yes,no,yes,yes
SP26-P033,stabilized,2026-02-27 11:44,2026-02-27 11:44,,2026-03-06 06:56,4.8,Biopsy,yes,no,yes,yes
SP26-P034,stabilized,2026-02-27 12:51,2026-02-27 12:51,,2026-03-12 15:15,9.1,Resection,yes,no,yes,yes
SP26-P035,stabilized,2026-02-27 13:58,2026-02-27 13:58,,2026-03-12 16:22,9.1,Biopsy,yes,no,yes,yes
SP26-P036,stabilized,2026-03-02 07:05,2026-03-02 07:05,,2026-03-03 07:05,1.0,Biopsy,yes,no,yes,yes
SP26-P037,stabilized,2026-03-02 08:12,2026-03-02 08:12,,2026-03-03 08:12,1.0,Resection,yes,no,yes,yes
SP26-P038,stabilized,2026-03-02 09:19,2026-03-02 09:19,,2026-03-03 09:19,1.0,Biopsy,yes,no,yes,yes
SP26-P039,stabilized,2026-03-02 10:26,2026-03-02 10:26,,2026-03-03 10:26,1.0,Biopsy,yes,no,yes,yes
SP26-P040,stabilized,2026-03-02 11:33,2026-03-02 11:33,,2026-03-03 11:33,1.0,Resection,yes,no,yes,yes
SP26-P041,stabilized,2026-03-02 12:40,2026-03-02 12:40,,2026-03-04 07:52,1.8,Biopsy,yes,no,yes,yes
SP26-P042,stabilized,2026-03-02 13:47,2026-03-02 13:47,,2026-03-04 08:59,1.8,Biopsy,yes,yes,yes,yes
SP26-P043,stabilized,2026-03-03 07:54,2026-03-03 07:54,,2026-03-05 03:06,1.8,Resection,yes,no,yes,yes
SP26-P044,stabilized,2026-03-03 08:01,2026-03-03 08:01,,2026-03-05 03:13,1.8,Biopsy,yes,no,yes,yes
SP26-P045,stabilized,2026-03-03 09:08,2026-03-03 09:08,,2026-03-05 04:20,1.8,Biopsy,yes,no,yes,yes
SP26-P046,stabilized,2026-03-03 10:15,2026-03-03 10:15,,2026-03-05 05:27,1.8,Resection,yes,no,yes,yes
SP26-P047,stabilized,2026-03-03 11:22,2026-03-03 11:22,,2026-03-05 06:34,1.8,Biopsy,yes,no,yes,yes
SP26-P048,stabilized,2026-03-03 12:29,2026-03-03 12:29,,2026-03-05 19:41,2.3,Biopsy,yes,no,yes,yes
SP26-P049,stabilized,2026-03-03 13:36,2026-03-03 13:36,,2026-03-05 20:48,2.3,Resection,yes,no,yes,yes
SP26-P050,stabilized,2026-03-04 07:43,2026-03-04 07:43,,2026-03-06 14:55,2.3,Biopsy,yes,no,yes,yes
SP26-P051,stabilized,2026-03-04 08:50,2026-03-04 08:50,,2026-03-06 16:02,2.3,Biopsy,yes,no,yes,yes
SP26-P052,stabilized,2026-03-04 09:57,2026-03-04 09:57,,2026-03-06 17:09,2.3,Resection,yes,no,yes,yes
SP26-P053,stabilized,2026-03-04 10:04,2026-03-04 10:04,,2026-03-06 22:04,2.5,Biopsy,yes,no,yes,yes
SP26-P054,stabilized,2026-03-04 11:11,2026-03-04 11:11,,2026-03-06 23:11,2.5,Biopsy,yes,no,yes,yes
SP26-P055,stabilized,2026-03-04 12:18,2026-03-04 12:18,,2026-03-07 00:18,2.5,Resection,yes,no,yes,yes
SP26-P056,stabilized,2026-03-04 13:25,2026-03-04 13:25,,2026-03-07 01:25,2.5,Biopsy,yes,no,yes,yes
SP26-P057,stabilized,2026-03-05 07:32,2026-03-05 07:32,,2026-03-09 19:32,2.5,Biopsy,yes,no,yes,yes
SP26-P058,stabilized,2026-03-05 08:39,2026-03-05 08:39,,2026-03-10 13:27,3.2,Resection,yes,no,yes,yes
SP26-P059,stabilized,2026-03-05 09:46,2026-03-05 09:46,,2026-03-10 14:34,3.2,Biopsy,yes,no,yes,yes
SP26-P060,stabilized,2026-03-05 10:53,2026-03-05 10:53,,2026-03-10 15:41,3.2,Biopsy,yes,no,yes,yes
SP26-P061,stabilized,2026-03-05 11:00,2026-03-05 11:00,,2026-03-10 15:48,3.2,Resection,yes,no,yes,yes
SP26-P062,stabilized,2026-03-05 12:07,2026-03-05 12:07,,2026-03-10 16:55,3.2,Biopsy,yes,no,yes,yes
SP26-P063,stabilized,2026-03-05 13:14,2026-03-05 13:14,,2026-03-10 18:02,3.2,Biopsy,yes,no,yes,yes
SP26-P064,stabilized,2026-03-06 07:21,2026-03-06 07:21,,2026-03-13 02:33,4.8,Resection,yes,no,yes,yes
SP26-P065,stabilized,2026-03-06 08:28,2026-03-06 08:28,,2026-03-13 03:40,4.8,Biopsy,yes,no,yes,yes
SP26-P066,stabilized,2026-03-06 09:35,2026-03-06 09:35,,2026-03-13 04:47,4.8,Biopsy,yes,no,yes,yes
SP26-P067,stabilized,2026-03-06 10:42,2026-03-06 10:42,,2026-03-13 05:54,4.8,Resection,yes,no,yes,yes
SP26-P068,stabilized,2026-03-06 11:49,2026-03-06 11:49,,2026-03-13 07:01,4.8,Biopsy,yes,no,yes,yes
SP26-P069,stabilized,2026-03-06 12:56,2026-03-06 12:56,,2026-03-19 15:20,9.1,Biopsy,yes,no,yes,yes
SP26-P070,stabilized,2026-03-06 13:03,2026-03-06 13:03,,2026-03-19 15:27,9.1,Resection,yes,no,yes,yes
SP26-P071,stabilized,2026-03-09 07:10,2026-03-09 07:10,,2026-03-10 07:10,1.0,Biopsy,yes,no,yes,yes
SP26-P072,stabilized,2026-03-09 08:17,2026-03-09 08:17,,2026-03-10 08:17,1.0,Biopsy,yes,no,yes,yes
SP26-P073,stabilized,2026-03-09 09:24,2026-03-09 09:24,,2026-03-10 09:24,1.0,Resection,yes,no,yes,yes
SP26-P074,stabilized,2026-03-09 10:31,2026-03-09 10:31,,2026-03-10 10:31,1.0,Biopsy,yes,no,yes,yes
SP26-P075,stabilized,2026-03-09 11:38,2026-03-09 11:38,,2026-03-10 11:38,1.0,Biopsy,yes,no,yes,yes
SP26-P076,stabilized,2026-03-09 12:45,2026-03-09 12:45,,2026-03-11 07:57,1.8,Resection,yes,no,yes,yes
SP26-P077,stabilized,2026-03-09 13:52,2026-03-09 13:52,,2026-03-11 09:04,1.8,Biopsy,yes,no,yes,yes
SP26-P078,stabilized,2026-03-10 07:59,2026-03-10 07:59,,2026-03-12 03:11,1.8,Biopsy,yes,no,yes,yes
SP26-P079,stabilized,2026-03-10 08:06,2026-03-10 08:06,,2026-03-12 03:18,1.8,Resection,yes,no,yes,yes
SP26-P080,stabilized,2026-03-10 09:13,2026-03-10 09:13,,2026-03-12 04:25,1.8,Biopsy,yes,no,yes,yes
SP26-P081,stabilized,2026-03-10 10:20,2026-03-10 10:20,,2026-03-12 05:32,1.8,Biopsy,yes,no,yes,yes
SP26-P082,stabilized,2026-03-10 11:27,2026-03-10 11:27,,2026-03-12 06:39,1.8,Resection,yes,no,yes,yes
SP26-P083,stabilized,2026-03-10 12:34,2026-03-10 12:34,,2026-03-12 19:46,2.3,Biopsy,yes,yes,yes,yes
SP26-P084,stabilized,2026-03-10 13:41,2026-03-10 13:41,,2026-03-12 20:53,2.3,Biopsy,yes,no,yes,yes
SP26-P085,stabilized,2026-03-11 07:48,2026-03-11 07:48,,2026-03-13 15:00,2.3,Resection,yes,no,yes,yes
SP26-P086,stabilized,2026-03-11 08:55,2026-03-11 08:55,,2026-03-13 16:07,2.3,Biopsy,yes,no,yes,yes
SP26-P087,stabilized,2026-03-11 09:02,2026-03-11 09:02,,2026-03-13 16:14,2.3,Biopsy,yes,no,yes,yes
SP26-P088,stabilized,2026-03-11 10:09,2026-03-11 10:09,,2026-03-13 22:09,2.5,Resection,yes,no,yes,yes
SP26-P089,stabilized,2026-03-11 11:16,2026-03-11 11:16,,2026-03-13 23:16,2.5,Biopsy,yes,no,yes,yes
SP26-P090,stabilized,2026-03-11 12:23,2026-03-11 12:23,,2026-03-14 00:23,2.5,Biopsy,yes,no,yes,yes
SP26-P091,stabilized,2026-03-11 13:30,2026-03-11 13:30,,2026-03-14 01:30,2.5,Resection,yes,no,yes,yes
SP26-P092,stabilized,2026-03-12 07:37,2026-03-12 07:37,,2026-03-16 19:37,2.5,Biopsy,yes,no,yes,yes
SP26-P093,stabilized,2026-03-12 08:44,2026-03-12 08:44,,2026-03-17 13:32,3.2,Biopsy,yes,no,yes,yes
SP26-P094,stabilized,2026-03-12 09:51,2026-03-12 09:51,,2026-03-17 14:39,3.2,Resection,yes,no,yes,yes
SP26-P095,stabilized,2026-03-12 10:58,2026-03-12 10:58,,2026-03-17 15:46,3.2,Biopsy,yes,no,yes,yes
SP26-P096,stabilized,2026-03-12 11:05,2026-03-12 11:05,,2026-03-17 15:53,3.2,Biopsy,yes,no,yes,yes
SP26-P097,stabilized,2026-03-12 12:12,2026-03-12 12:12,,2026-03-17 17:00,3.2,Resection,yes,no,yes,yes
SP26-P098,stabilized,2026-03-12 13:19,2026-03-12 13:19,,2026-03-17 18:07,3.2,Biopsy,yes,no,yes,yes
SP26-P099,stabilized,2026-03-13 07:26,2026-03-13 07:26,,2026-03-20 02:38,4.8,Biopsy,yes,no,yes,yes
SP26-P100,stabilized,2026-03-13 08:33,2026-03-13 08:33,,2026-03-20 03:45,4.8,Resection,yes,no,yes,yes
SP26-P101,stabilized,2026-03-13 09:40,2026-03-13 09:40,,2026-03-20 04:52,4.8,Biopsy,yes,no,yes,yes
SP26-P102,stabilized,2026-03-13 10:47,2026-03-13 10:47,,2026-03-20 05:59,4.8,Biopsy,yes,no,yes,yes
SP26-P103,stabilized,2026-03-13 11:54,2026-03-13 11:54,,2026-03-20 07:06,4.8,Resection,yes,no,yes,yes
SP26-P104,stabilized,2026-03-13 12:01,2026-03-13 12:01,,2026-03-26 14:25,9.1,Biopsy,yes,no,yes,yes
SP26-P105,stabilized,2026-03-13 13:08,2026-03-13 13:08,,2026-03-26 15:32,9.1,Biopsy,yes,no,yes,yes
SP26-P106,stabilized,2026-03-16 07:15,2026-03-16 07:15,,2026-03-17 07:15,1.0,Resection,yes,no,yes,yes
SP26-P107,stabilized,2026-03-16 08:22,2026-03-16 08:22,,2026-03-17 08:22,1.0,Biopsy,yes,no,yes,yes
SP26-P108,stabilized,2026-03-16 09:29,2026-03-16 09:29,,2026-03-17 09:29,1.0,Biopsy,yes,no,yes,yes
SP26-P109,stabilized,2026-03-16 10:36,2026-03-16 10:36,,2026-03-17 10:36,1.0,Resection,yes,no,yes,yes
SP26-P110,stabilized,2026-03-16 11:43,2026-03-16 11:43,,2026-03-17 11:43,1.0,Biopsy,yes,no,yes,yes
SP26-P111,stabilized,2026-03-16 12:50,2026-03-16 12:50,,2026-03-18 08:02,1.8,Biopsy,yes,no,yes,yes
SP26-P112,stabilized,2026-03-16 13:57,2026-03-16 13:57,,2026-03-18 09:09,1.8,Resection,yes,no,yes,yes
SP26-P113,stabilized,2026-03-17 07:04,2026-03-17 07:04,,2026-03-19 02:16,1.8,Biopsy,yes,no,yes,yes
SP26-P114,stabilized,2026-03-17 08:11,2026-03-17 08:11,,2026-03-19 03:23,1.8,Biopsy,yes,no,yes,yes
SP26-P115,stabilized,2026-03-17 09:18,2026-03-17 09:18,,2026-03-19 04:30,1.8,Resection,yes,no,yes,yes
SP26-P116,stabilized,2026-03-17 10:25,2026-03-17 10:25,,2026-03-19 05:37,1.8,Biopsy,yes,no,yes,yes
SP26-P117,stabilized,2026-03-17 11:32,2026-03-17 11:32,,2026-03-19 06:44,1.8,Biopsy,yes,no,yes,yes
SP26-P118,stabilized,2026-03-17 12:39,2026-03-17 12:39,,2026-03-19 19:51,2.3,Resection,yes,no,yes,yes
SP26-P119,stabilized,2026-03-17 13:46,2026-03-17 13:46,,2026-03-19 20:58,2.3,Biopsy,yes,no,yes,yes
SP26-P120,stabilized,2026-03-18 07:53,2026-03-18 07:53,,2026-03-20 15:05,2.3,Biopsy,yes,no,yes,yes
SP26-P121,stabilized,2026-03-18 08:00,2026-03-18 08:00,,2026-03-20 15:12,2.3,Resection,yes,no,yes,yes
SP26-P122,stabilized,2026-03-18 09:07,2026-03-18 09:07,,2026-03-20 16:19,2.3,Biopsy,yes,no,yes,yes
SP26-P123,stabilized,2026-03-18 10:14,2026-03-18 10:14,,2026-03-20 22:14,2.5,Biopsy,yes,no,yes,yes
SP26-P124,stabilized,2026-03-18 11:21,2026-03-18 11:21,,2026-03-20 23:21,2.5,Resection,yes,yes,yes,yes
SP26-P125,stabilized,2026-03-18 12:28,2026-03-18 12:28,,2026-03-21 00:28,2.5,Biopsy,yes,no,yes,yes
SP26-P126,stabilized,2026-03-18 13:35,2026-03-18 13:35,,2026-03-21 01:35,2.5,Biopsy,yes,no,yes,yes
SP26-P127,stabilized,2026-03-19 07:42,2026-03-19 07:42,,2026-03-23 19:42,2.5,Resection,yes,no,yes,yes
SP26-P128,stabilized,2026-03-19 08:49,2026-03-19 08:49,,2026-03-24 13:37,3.2,Biopsy,yes,no,yes,yes
SP26-P129,stabilized,2026-03-19 09:56,2026-03-19 09:56,,2026-03-24 14:44,3.2,Biopsy,yes,no,yes,yes
SP26-P130,stabilized,2026-03-19 10:03,2026-03-19 10:03,,2026-03-24 14:51,3.2,Resection,yes,no,yes,yes
SP26-P131,stabilized,2026-03-19 11:10,2026-03-19 11:10,,2026-03-24 15:58,3.2,Biopsy,yes,no,yes,yes
SP26-P132,stabilized,2026-03-19 12:17,2026-03-19 12:17,,2026-03-24 17:05,3.2,Biopsy,yes,no,yes,yes
SP26-P133,stabilized,2026-03-19 13:24,2026-03-19 13:24,,2026-03-24 18:12,3.2,Resection,yes,no,yes,yes
SP26-P134,stabilized,2026-03-20 07:31,2026-03-20 07:31,,2026-03-27 02:43,4.8,Biopsy,yes,no,yes,yes
SP26-P135,stabilized,2026-03-20 08:38,2026-03-20 08:38,,2026-03-27 03:50,4.8,Biopsy,yes,no,yes,yes
SP26-P136,stabilized,2026-03-20 09:45,2026-03-20 09:45,,2026-03-27 04:57,4.8,Resection,yes,no,yes,yes
SP26-P137,stabilized,2026-03-20 10:52,2026-03-20 10:52,,2026-03-27 06:04,4.8,Biopsy,yes,no,yes,yes
SP26-P138,stabilized,2026-03-20 11:59,2026-03-20 11:59,,2026-03-27 07:11,4.8,Biopsy,yes,no,yes,yes
SP26-P139,stabilized,2026-03-20 12:06,2026-03-20 12:06,,2026-04-02 14:30,9.1,Resection,yes,no,yes,yes
SP26-P140,stabilized,2026-03-20 13:13,2026-03-20 13:13,,2026-04-02 15:37,9.1,Biopsy,yes,no,yes,yes
SP26-P141,stabilized,2026-03-23 07:20,2026-03-23 07:20,,2026-03-24 07:20,1.0,Biopsy,yes,no,yes,yes
SP26-P142,stabilized,2026-03-23 08:27,2026-03-23 08:27,,2026-03-24 08:27,1.0,Resection,yes,no,yes,yes
SP26-P143,stabilized,2026-03-23 09:34,2026-03-23 09:34,,2026-03-24 09:34,1.0,Biopsy,yes,no,yes,yes
SP26-P144,stabilized,2026-03-23 10:41,2026-03-23 10:41,,2026-03-24 10:41,1.0,Biopsy,yes,no,yes,yes
SP26-P145,stabilized,2026-03-23 11:48,2026-03-23 11:48,,2026-03-24 11:48,1.0,Resection,yes,no,yes,yes
SP26-P146,stabilized,2026-03-23 12:55,2026-03-23 12:55,,2026-03-25 08:07,1.8,Biopsy,yes,no,yes,yes
SP26-P147,stabilized,2026-03-23 13:02,2026-03-23 13:02,,2026-03-25 08:14,1.8,Biopsy,yes,no,yes,yes
SP26-P148,stabilized,2026-03-24 07:09,2026-03-24 07:09,,2026-03-26 02:21,1.8,Resection,yes,no,yes,yes
SP26-P149,stabilized,2026-03-24 08:16,2026-03-24 08:16,,2026-03-26 03:28,1.8,Biopsy,yes,no,yes,yes
SP26-P150,stabilized,2026-03-24 09:23,2026-03-24 09:23,,2026-03-26 04:35,1.8,Biopsy,yes,no,yes,yes
SP26-P151,stabilized,2026-03-24 10:30,2026-03-24 10:30,,2026-03-26 05:42,1.8,Resection,yes,no,yes,yes
SP26-P152,stabilized,2026-03-24 11:37,2026-03-24 11:37,,2026-03-26 18:49,2.3,Biopsy,yes,no,yes,yes
SP26-P153,stabilized,2026-03-24 12:44,2026-03-24 12:44,,2026-03-26 19:56,2.3,Biopsy,yes,no,yes,yes
SP26-P154,stabilized,2026-03-24 13:51,2026-03-24 13:51,,2026-03-26 21:03,2.3,Resection,yes,no,yes,yes
SP26-P155,stabilized,2026-03-25 07:58,2026-03-25 07:58,,2026-03-27 15:10,2.3,Biopsy,yes,no,yes,yes
SP26-P156,stabilized,2026-03-25 08:05,2026-03-25 08:05,,2026-03-27 15:17,2.3,Biopsy,yes,no,yes,yes
SP26-P157,stabilized,2026-03-25 09:12,2026-03-25 09:12,,2026-03-27 16:24,2.3,Resection,yes,no,yes,yes
SP26-P158,stabilized,2026-03-25 10:19,2026-03-25 10:19,,2026-03-27 22:19,2.5,Biopsy,yes,no,yes,yes
SP26-P159,stabilized,2026-03-25 11:26,2026-03-25 11:26,,2026-03-27 23:26,2.5,Biopsy,yes,no,yes,yes
SP26-P160,stabilized,2026-03-25 12:33,2026-03-25 12:33,,2026-03-28 00:33,2.5,Resection,yes,no,yes,yes
SP26-P161,stabilized,2026-03-25 13:40,2026-03-25 13:40,,2026-03-28 01:40,2.5,Biopsy,yes,no,yes,yes
SP26-P162,stabilized,2026-03-26 07:47,2026-03-26 07:47,,2026-03-31 12:35,3.2,Biopsy,yes,no,yes,yes
SP26-P163,stabilized,2026-03-26 08:54,2026-03-26 08:54,,2026-03-31 13:42,3.2,Resection,yes,no,yes,yes
SP26-P164,stabilized,2026-03-26 09:01,2026-03-26 09:01,,2026-03-31 13:49,3.2,Biopsy,yes,no,yes,yes
SP26-P165,stabilized,2026-03-26 10:08,2026-03-26 10:08,,2026-03-31 14:56,3.2,Biopsy,yes,yes,yes,yes
SP26-P166,stabilized,2026-03-26 11:15,2026-03-26 11:15,,2026-03-31 16:03,3.2,Resection,yes,no,yes,yes
SP26-P167,stabilized,2026-03-26 12:22,2026-03-26 12:22,,2026-03-31 17:10,3.2,Biopsy,yes,no,yes,yes
SP26-P168,stabilized,2026-03-26 13:29,2026-03-26 13:29,,2026-04-02 08:41,4.8,Biopsy,yes,no,yes,yes
SP26-P169,stabilized,2026-03-27 07:36,2026-03-27 07:36,,2026-04-03 02:48,4.8,Resection,yes,no,yes,yes
SP26-P170,stabilized,2026-03-27 08:43,2026-03-27 08:43,,2026-04-03 03:55,4.8,Biopsy,yes,no,yes,yes
SP26-P171,stabilized,2026-03-27 09:50,2026-03-27 09:50,,2026-04-03 05:02,4.8,Biopsy,yes,no,yes,yes
SP26-P172,stabilized,2026-03-27 10:57,2026-03-27 10:57,,2026-04-03 06:09,4.8,Resection,yes,no,yes,yes
SP26-P173,stabilized,2026-03-27 11:04,2026-03-27 11:04,,2026-04-07 11:04,7.0,Biopsy,yes,no,yes,yes
SP26-P174,stabilized,2026-03-27 12:11,2026-03-27 12:11,,2026-04-09 14:35,9.1,Biopsy,yes,no,yes,yes
SP26-P175,stabilized,2026-03-27 13:18,2026-03-27 13:18,,2026-04-09 15:42,9.1,Resection,yes,no,yes,yes
SP26-P176,stabilized,2026-03-30 07:25,2026-03-30 07:25,,2026-03-31 07:25,1.0,Biopsy,yes,no,yes,yes
SP26-P177,stabilized,2026-03-30 08:32,2026-03-30 08:32,,2026-03-31 08:32,1.0,Biopsy,yes,no,yes,yes
SP26-P178,stabilized,2026-03-30 09:39,2026-03-30 09:39,,2026-03-31 09:39,1.0,Resection,yes,no,yes,yes
SP26-P179,stabilized,2026-03-30 10:46,2026-03-30 10:46,,2026-03-31 10:46,1.0,Biopsy,yes,no,yes,yes
SP26-P180,stabilized,2026-03-30 11:53,2026-03-30 11:53,,2026-03-31 11:53,1.0,Biopsy,yes,no,yes,yes
SP26-P181,stabilized,2026-03-30 12:00,2026-03-30 12:00,,2026-04-01 07:12,1.8,Resection,yes,no,yes,yes
SP26-P182,stabilized,2026-03-30 13:07,2026-03-30 13:07,,2026-04-01 08:19,1.8,Biopsy,yes,no,yes,yes
SP26-P183,stabilized,2026-03-31 07:14,2026-03-31 07:14,,2026-04-02 02:26,1.8,Biopsy,yes,no,yes,yes
SP26-P184,stabilized,2026-03-31 08:21,2026-03-31 08:21,,2026-04-02 03:33,1.8,Resection,yes,no,yes,yes
SP26-P185,stabilized,2026-03-31 09:28,2026-03-31 09:28,,2026-04-02 04:40,1.8,Biopsy,yes,no,yes,yes
SP26-P186,stabilized,2026-03-31 10:35,2026-03-31 10:35,,2026-04-02 05:47,1.8,Biopsy,yes,no,yes,yes
SP26-P187,stabilized,2026-03-31 11:42,2026-03-31 11:42,,2026-04-02 18:54,2.3,Resection,yes,no,yes,yes
SP26-P188,stabilized,2026-03-31 12:49,2026-03-31 12:49,,2026-04-02 20:01,2.3,Biopsy,yes,no,yes,yes
SP26-P189,stabilized,2026-03-31 13:56,2026-03-31 13:56,,2026-04-02 21:08,2.3,Biopsy,yes,no,yes,yes
SP26-P190,stabilized,2026-04-01 07:03,2026-04-01 07:03,,2026-04-03 14:15,2.3,Resection,yes,no,yes,yes
SP26-P191,stabilized,2026-04-01 08:10,2026-04-01 08:10,,2026-04-03 15:22,2.3,Biopsy,yes,no,yes,yes
SP26-P192,stabilized,2026-04-01 09:17,2026-04-01 09:17,,2026-04-03 16:29,2.3,Biopsy,yes,no,yes,yes
SP26-P193,stabilized,2026-04-01 10:24,2026-04-01 10:24,,2026-04-03 22:24,2.5,Resection,yes,no,yes,yes
SP26-P194,stabilized,2026-04-01 11:31,2026-04-01 11:31,,2026-04-03 23:31,2.5,Biopsy,yes,no,yes,yes
SP26-P195,stabilized,2026-04-01 12:38,2026-04-01 12:38,,2026-04-04 00:38,2.5,Biopsy,yes,no,yes,yes
SP26-P196,stabilized,2026-04-01 13:45,2026-04-01 13:45,,2026-04-04 01:45,2.5,Resection,yes,no,yes,yes
SP26-P197,stabilized,2026-04-02 07:52,2026-04-02 07:52,,2026-04-07 12:40,3.2,Biopsy,yes,no,yes,yes
SP26-P198,stabilized,2026-04-02 08:59,2026-04-02 08:59,,2026-04-07 13:47,3.2,Biopsy,yes,no,yes,yes
SP26-P199,stabilized,2026-04-02 09:06,2026-04-02 09:06,,2026-04-07 13:54,3.2,Resection,yes,no,yes,yes
SP26-P200,stabilized,2026-04-02 10:13,2026-04-02 10:13,,2026-04-07 15:01,3.2,Biopsy,yes,no,yes,yes
SP26-P201,stabilized,2026-04-02 11:20,2026-04-02 11:20,,2026-04-07 16:08,3.2,Biopsy,yes,no,yes,yes
SP26-P202,stabilized,2026-04-02 12:27,2026-04-02 12:27,,2026-04-07 17:15,3.2,Resection,yes,no,yes,yes
SP26-P203,stabilized,2026-04-02 13:34,2026-04-02 13:34,,2026-04-09 08:46,4.8,Biopsy,yes,no,yes,yes
SP26-P204,stabilized,2026-04-03 07:41,2026-04-03 07:41,,2026-04-10 02:53,4.8,Biopsy,yes,no,yes,yes
SP26-P205,stabilized,2026-04-03 08:48,2026-04-03 08:48,,2026-04-10 04:00,4.8,Resection,yes,no,yes,yes
SP26-P206,stabilized,2026-04-03 09:55,2026-04-03 09:55,,2026-04-10 05:07,4.8,Biopsy,yes,yes,yes,yes
SP26-P207,stabilized,2026-04-03 10:02,2026-04-03 10:02,,2026-04-10 05:14,4.8,Biopsy,yes,no,yes,yes
SP26-P208,stabilized,2026-04-03 11:09,2026-04-03 11:09,,2026-04-16 13:33,9.1,Resection,yes,no,yes,yes
SP26-P209,stabilized,2026-04-03 12:16,2026-04-03 12:16,,2026-04-16 14:40,9.1,Biopsy,yes,no,yes,yes
SP26-P210,stabilized,2026-04-03 13:23,2026-04-03 13:23,,2026-04-16 15:47,9.1,Biopsy,yes,no,yes,yes
