specimen_id,range_group,current_lot_ng_l,new_lot_ng_l
TNI-001,very-low,0.6,0.7
TNI-002,very-low,0.9,1.0
TNI-003,very-low,1.1,1.2
TNI-004,very-low,1.3,1.4
TNI-005,very-low,1.5,1.6
TNI-006,very-low,1.7,1.8
TNI-007,decision,9.0,9.8
TNI-008,decision,11.2,11.1
TNI-009,decision,13.4,15.7
TNI-010,decision,15.0,15.1
TNI-011,decision,16.1,17.7
TNI-012,decision,17.5,16.7
TNI-013,decision,18.0,18.7
TNI-014,decision,18.8,20.9
TNI-015,decision,19.2,20.0
TNI-016,decision,20.0,23.5
TNI-017,decision,20.7,20.7
TNI-018,decision,21.5,23.0
TNI-019,decision,22.2,22.8
TNI-020,decision,24.0,26.3
TNI-021,decision,27.0,27.1
TNI-022,decision,31.0,34.3
TNI-023,decision,38.0,38.8
TNI-024,decision,46.0,48.0
TNI-025,elevated,75.0,76.5
TNI-026,elevated,140.0,145.6
TNI-027,elevated,280.0,277.2
TNI-028,elevated,520.0,546.0
TNI-029,elevated,960.0,988.8
TNI-030,elevated,1800.0,1764.0
